flagged_sensitive,n_posts,avg_engagement,median_engagement,p90_engagement
0,1448350,36.71075706838817,14.0,81.0
1,60798,44.435787361426364,15.0,99.0
