flagged_sensitive,n_posts,avg_engagement,median_engagement,p90_engagement
0,1836592,34.27487052105204,13.0,77.0
1,60798,44.435787361426364,15.0,99.0
